{
    "p1": {
        "Position": [
            13380.7900390625,
            5.93153190612793,
            5796.177734375
        ],
        "Orientation": [
            -46.19020080566406,
            -0.0,
            0.0
        ]
    }
}