{
    "mypoint": {
        "Position": [
            8570.759765625,
            1.6912522315979005,
            2302.65869140625
        ],
        "Orientation": [
            32.06309127807617,
            0.0,
            -0.0
        ]
    }
}