{
    "gpoint": {
        "Position": [
            8624.861328125,
            5.885996341705322,
            2389.02734375
        ],
        "Orientation": [
            32.06319808959961,
            0.0,
            -0.0
        ]
    }
}