{
    "p1": {
        "Position": [
            13383.126953125,
            5.648080348968506,
            5793.900390625
        ],
        "Orientation": [
            -46.19020080566406,
            -0.0,
            0.0
        ]
    }
}